review,sentiment
"some of our services allow you to upload , submit , store , send or receive content . 
",0
"you are responsible for your interactions with other players . 
",0
"when you use our services , in addition to enjoying a world of good vibes , you also agree to the terms and they affect your rights and obligations . 
",1
"the service is controlled and operated by the company from its offices in the state of california and the people 's republic of china . 
",0
"for clarity and notwithstanding the foregoing , those disputes relating to , arising out of , or in any way in connection with your rights of privacy and publicity are not excluded disputes . 
",0
"super likes and other virtual items . 
",0
"we may also impose limits on certain features and aspects of the service or restrict your access to parts or all of the service without notice or liability . 
",1
"the rights granted herein are subject to your compliance with this eula . 
",0
"you also promise that any registration information that you submit to spotify is true , accurate , and complete , and you agree to keep it that way at all times . 
",0
"skyscanner is not a travel agentand is not responsible for providing any travel options displayed via the skyscanner services and/or skyscanner platforms or for setting or controlling the prices we display . 
",0
"if you are n't allowed to use someone else 's proprietary work or likeness ( either by license or by legal exceptions and limitations such as fair use ) , please do n't post it . 
",0
"to the extent that such material is protected by intellectual property rights , you grant us a perpetual , worldwide , royalty-free licence to use , copy , modify , distribute , sell and disclose to third parties any such material or data for any purpose related to our business . 
",0
"`` stalk '' or otherwise harass another ; and/or 
",0
"9gag reserves the right to seek damages from any party that submits a notification of claimed infringement or counter notification in violation of the law . 
",0
"these telephone numbers are for billing related issues and questions only . 
",0
"your notice must be signed ( physically or electronically ) and must be addressed as follows : 
",0
"you may need to upgrade to a new version in order to enjoy the benefit of certain products . 
",0
"we may suspend or cancel the services if we do not receive an on time , full payment from you . 
",0
"truecaller may terminate the terms and your use of the services at any time with thirty ( 30 ) days ' advance notice . 
",1
"the services are protected by copyright , trademark , and other us and foreign laws . 
",0
"reproducing sr samples in timed relation to visual images ( i.e. , synchronizing ) in user videos created in strict compliance with this eula , provided you are using only an sr sample provided by the company and not any sound recordings , musical works , or other user videos uploaded by you or others to the service ; and 
",0
"you agree that you may bring claims against rovio only in your individual capacity and not as a plaintiff or class member in any purported class or representative proceeding . 
",0
"the use , duplication , reproduction , release , modification , disclosure or transfer of the software , application or widget is restricted in accordance with the federal acquisition regulations as applied to civilian agencies and the defense federal acquisition regulation supplement as applied to military agencies . 
",0
"this is why we have different features allowing you to do so . 
",0
"by rejecting any change , you are agreeing that you will arbitrate any dispute between you and niantic in accordance with the provisions of this `` dispute resolution '' section as of the date you first accepted these terms ( or accepted any subsequent changes to these terms ) . 
",0
"fair use policy : this fup is designed to prevent fraud and abuse of video messaging . 
",0
"we require applications to respect your privacy , and your agreement with that application will control how the application can use , store , and transfer that content and information . 
",0
"you must not use domain names or web urls in your username without prior written consent from instagram . 
",0
"we reserve the right , but have no obligation , to monitor any accounts and/or activities conducted through or in any way related to the services ( including inviting a fellow athlete into a network of friends ) , as well as any athlete 's use of or access to location data ( as that term is defined in our privacy policy ) , personal data , and profiles of other athletes . 
",0
"if you do not accept and agree to be bound by all of the terms of this agreement , please do not use the service . 
",0
"in no event shall the licensor be liable for the removal or disabling of , or for imposing limits on , access to or use of the service . 
",1
"• circumventing any territorial restrictions applied by spotify or it licensors ; 
",0
"details of that policy can be found here : https://www.youtube.co.uk/t/copyright_notice 
",0
"if you do not open the door or respond to telephonic correspondence within 10 minutes of our delivery drivers physically reaching your address , we reserve the right to leave the premises , and you will be charged for the meal . 
",0
"to opt out , you must notify the company in writing within thirty ( 30 ) days of the date that you first become subject to this agreement . 
",0
"serious violations are violations of important provisions which include article iii of this agreement or repeated violations of other provisions of this agreement , including further non-compliance where you already have received a prior warning . 
",0
"as each country has laws that may differ from those of ca , by accessing our website , you agree that the statutes and laws of ca , without regard to the conflict of laws and the united nations convention on the international sales of goods , will apply to all matters relating to the use of this website and the purchase of any products or services through this site . 
",1
"the company may terminate , in its sole and absolute discretion , the account of any user that is deemed to be abusing this provision . 
",0
"( a ) public chats : the service allows users to follow public chats conducted on the service . 
",0
"you must sign into xbox services at least once in a five-year period , otherwise you may lose access to the gamertag associated with your account and that gamertag may become available for use by others . 
",0
"transmit any viruses , worms , defects , trojan horses , or any items of a destructive nature ; 
",0
"world of warcraft is an ` on-line ' game that must be played over the internet through the service , as provided by blizzard entertainment . 
",0
"if you choose to participate in these activities , you do so of your own free will and accord , knowingly and voluntarily assuming all risks associated with such activities . 
",0
"the spotify service that does not require payment is currently referred to as the `` free service '' . 
",0
"if you are attacked by another athlete , and you reciprocate , you may also be subject to the same consequences . 
",0
"9.1 with the exception of content submitted to the service by you , all other content on the service is either owned by or licensed to youtube , and is subject to copyright , trade mark rights , and other intellectual property rights of youtube or youtube 's licensors . 
",0
"however , when you do so , you represent and warrant that you are the rightful owner of all rights to that content or that you are licensed by the rightful owners to post and use such content on the internet through the services , in accordance with these terms . 
",0
"rovio shall have no liability to you or any third party in the event that rovio exercises any such rights . 
",1
"your purchase of the paid services may be subject to foreign exchange fees or differences in prices based on location . 
",0
"please be advised that nutritional information found in the food database has not been reviewed by persons with the expertise required to provide you with complete , accurate , or reliable information . 
",0
"a. you agree not to distribute any part of or parts of the website or the service , including but not limited to any content , in any medium without youtube 's prior written authorisation , unless youtube makes available the means for such distribution through functionality offered by the service ( such as the youtube player ) ; 
",0
"tinder stacks is an imessage app that allows users to have a tinder-like experience outside of tinder . 
",0
"content intended to promote potentially unsafe or controversial weight loss products or procedures , including non-medically prescribed supplements or mlm . 
",0
"you agree that you will not attempt to modify any digital goods obtained through any of the services for any reason whatsoever , including for the purpose of disguising or changing ownership or source of the digital goods . 
",0
"except for users residing within the eu or european economic area and elsewhere where prohibited by applicable law : 
",0
"accordingly , we strongly encourage you to become familiar with the terms of use , privacy policies and practices of any such third party services . 
",0
"please note that dropbox team accounts are subject to your organization 's control . 
",0
"we reserve the right , at your expense , to assume the exclusive defense and control of any matter for which you are required to indemnify us under the terms , and you agree to cooperate with our defense of these claims . 
",0
"brazil laws of brazil exclusive ; state and federal courts of são paulo , state of são paulo , brazil 
",0
"the agreements do not grant you any rights to use any spotify brand features whether for commercial or non-commercial use . 
",0
"the aaa rules will govern payment of filing fees and the aaa 's and arbitrator 's fees and expenses . 
",0
"this ip license ends when you delete your ip content or your account unless your content has been shared with others , and they have not deleted it . 
",0
"spotify may take these actions without prior notification to you or any third party . 
",0
"instagram reserves the right to assume the exclusive defense and control of any matter subject to indemnification by you , and you will not in any event settle any claim without the prior written consent of instagram . 
",0
"stated alternatively , if you disagree with any part of the terms , then you are not permitted to use our services . 
",0
"for example , you may choose to share photos or other content from our services to your facebook account and facebook audiences you choose , and then facebook 's statement of rights and responsibility and data policy will apply to your use of the facebook service as well as the content once it is shared to the facebook service . 
",0
"- identification of the specific material that is claimed to be infringing or to be the subject of infringing activity and that is to be removed or access to which is to be disabled , and information reasonably sufficient to permit 9gag to locate the material ; 
",0
"9gag , inc has no special relationship with or fiduciary duty to subscriber . 
",0
"the inclusion of such a link does not imply endorsement of any site by viber or any association with its operators . 
",0
"in particular , to the extent permitted by applicable law , we are not liable for any claims arising out of ( a ) your use of the services ( including but not limited to your participation in any activities promoted by or accessed via the services ) , ( b ) the use , disclosure , display , or maintenance of an athlete 's personal data and/or location data , ( c ) any other interactions with us or any other athletes using the services , even if we have been advised of the possibility of such damages , or ( d ) other content , information , services or goods received through or advertised on the services or received through any links provided with the services . 
",1
"notwithstanding the foregoing , each party shall have the right to institute an action in a court of proper jurisdiction for injunctive or other equitable relief pending a final decision by the arbitrator . 
",0
"the third-party apps and services may also allow you to store your content or data with the publisher , provider , or operator of the third-party apps and services . 
",0
"you do not need to specifically inform youtube when you stop using the service . 
",0
"7.1 the software , products and skype websites contain proprietary and confidential information that is protected by intellectual property laws and treaties . 
",0
"be used to impersonate any person , or to misrepresent your identity or affiliation with any person or give the impression that they emanate from us , if this is not the case ; or 
",0
"each sms message has a limit of 160 characters . 
",0
"you will always find the latest version of these terms at www.truecaller.com . 
",0
"if the contact information you provide is n't up to date , you may miss out on these notices . 
",0
"6.5 your information : from time to time , skype may request information from you for the purpose of supplying the software or products to you . 
",0
"use of the service is not authorized in any jurisdiction that does not give effect to all provisions of these terms of use , including without limitation , this section . 
",0
"we can not guarantee , and assume no responsibility for verifying , the accuracy of the information provided by other users of the service . 
",0
"but , if any of us does not like the arbitrator 's decision , the courts only have a limited ability to change the outcome of arbitration or make the arbitrator reconsider his or her decision . 
",0
"you acknowledge that vivino has no control over , and no duty to take any action regarding : which users gains access to the service ; what content you access via the service ; what effects the content may have on you ; how you may interpret or use the content ; or what actions you may take as a result of having been exposed to the content . 
",0
"you 're responsible for all activities that occur under your account , whether or not you know about them . 
",0
"you must be at least 18 years of age to create an account on tinder and use the service . 
",0
"if you 're using our services for an organization , you 're agreeing to these terms on behalf of that organization . 
",0
"we always appreciate your feedback or other suggestions about masquerade and our services , but you understand that we may use your feedback or suggestions without any obligation to compensate you for them ( just as you have no obligation to offer them ) . 
",0
"individuals can have no more than one program account , even if an individual has multiple email addresses , and households are limited to six accounts . 
",0
"in consideration for tinder allowing you to use the services , you agree that we , our affiliates , and our third-party partners may place advertising on the services . 
",0
"you may also delete your account or disable your application at any time . 
",0
"you are granted only a limited and revocable right to use the service , subject to the terms of this agreement , and for personal use only , and under no circumstances are you acquired any right , interest or title to any part of the materials . 
",0
"15 payments , cancellations , and cooling off 
",0
"you may bring claims only on your own behalf . 
",0
"this warranty shall not be applicable and shall be void if the defect has arisen through abuse , mistreatment , or neglect . 
",0
"we will do our best to ensure that your meal is delivered by the time specified in the email and webpage . 
",0
"payment is safely processed from your credit/debit card or bank account to the bank account of the supplier through a third-party payment processor . 
",0
"any attempt by you or any other player on an account traceable to you to damage world of warcraft or undermine the legitimate operation of world of warcraft is a violation of criminal and civil laws and , should such an attempt be made or assistance for such an attack be provided , blizzard entertainment reserves the right to seek damages from any such user to the fullest extent permitted by law . 
",0
"you also have to cooperate in zynga 's and/or the zynga affiliate 's defense of these cases . 
",0
"you are giving up your right to have a trial by jury ; 
",0
"if you wish to review , adjust or cancel your reservation , please revert to the confirmation email and follow the instructions therein . 
",0
"any use of the service after such date will constitute your acceptance of such revised eula . 
",1
"if you wish to use a business account and/or skype manager on behalf of the u.s. government or an agency of the u.s. government , these terms do not apply to that use . 
",0
"our services are constantly evolving to be more useful for our athletes and community . 
",0
"we 'll post notice of modified additional terms in the applicable service . 
",0
"any failure by us to enforce any of these terms shall not be considered to be a waiver of them or the right to subsequently enforce any of these terms . 
",0
"please read carefully these terms , our trainer guidelines , and our privacy policy , because they govern your use of our services . 
",0
"we are authorised by our partner restaurants to accept payment on their behalf and payment of the price of any meals to us will discharge your obligations to pay such price to the partner restaurant . 
",0
"5.4 youtube is constantly innovating in order to provide the best possible experience for its users . 
",0
"you agree that if a third-party claims that material you have contributed to our service is unlawful , you will bear the burden of establishing that it is lawful . 
",0
"the services are not intended for distribution to , or use by , any person or entity in any jurisdiction or country where such distribution or use would be contrary to law or regulation , or which that would subject under armour or its affiliates to any registration requirement within such jurisdiction or country . 
",0
"the company has not reviewed , has no control over , nor does it endorse , screen , promote or otherwise assume any responsibility for the content of third party websites or applications ( `` third party services '' ) , or to the information , advertisements , services , practices or other material contained on , or accessible through third party services , including without limitation third party websites to which hyperlinks are contained in the service . 
",0
"when you create an account for any of our services , you must provide us with accurate and complete information as prompted by the account creation and registration process , and keep that information up to date . 
",0
"if you receive an arbitration award that is more favorable than any offer we make to resolve the claim , we will pay you $ 1,000 in addition to the award . 
",0
"you agree to use caution in all interactions with other users , particularly if you decide to communicate off the service or meet in person . 
",0
"by using our services , you agree , represent and warrant that you have received consent from your physician to participate in wellness and fitness programs , workouts , exercises or any of the related activities made available to you in connection with the services . 
",0
"upon receipt of a counter notification , 9gag shall promptly provide the party submitting a notification of claimed infringement with a copy of the counter notification , and 9gag will replace the removed material or cease disabling access to it in not less than 10 , nor more than fourteen ( 14 ) , business days following receipt of the counter notice , unless 9gag 's designated agent first receives notice from the person who submitted the notification of claimed infringement that such person has filed an action seeking a court order to restrain the subscriber from engaging in infringing activity relating to the material on 9gag 's system or network . 
",0
"if you request deletion of your user content we will take reasonable steps to remove your user content from active use , which may include suppression of your user content in our systems . 
",0
"you acknowledge that spotify 's decision in respect of any reward shall be final and binding . 
",0
"b. is not likely to be deemed threatening , disparaging , defamatory , pornographic , racially or ethnically offensive , discriminatory , insulting , slanderous or otherwise illegal or inappropriate ; 
",0
"if you become aware , or suspect for any reason , that the security of your log-in details has been compromised , please let us know here as soon as you can . 
",0
"( 4 ) sending repeated unsolicited or unwelcome messages to a single user or repeatedly posting similar messages in a chat area , including but not limited to continuous advertisements to sell goods or services ; 
",0
"you shall cooperate as fully as reasonably required in the defense of any claim . 
",0
"viber may fully cooperate with any law enforcement authorities or court order requesting or directing viber to disclose the identity of anyone posting any content , or publishing or otherwise making available any materials that are believed to violate these terms . 
",0
"masquerade technologies , inc. ( `` masquerade , '' `` we '' or `` us '' ) offer services such as the masquerade app ( the `` app '' ) that enable people to use filters and masks ( `` masks '' ) for a range of activities , like photo and video editing , and sharing . 
",0
"if you provide any information that is untrue , inaccurate , not current or incomplete , or yahoo has reasonable grounds to suspect that such information is untrue , inaccurate , not current or incomplete , yahoo has the right to suspend or terminate your account and refuse any and all current or future use of the yahoo services ( or any portion thereof ) . 
",0
"4.2 in the event of any third party claim that the service or the licensee 's possession and use of the service infringes that third party 's intellectual property rights , the licensor shall be responsible for the investigation , defense , settlement and discharge of any such intellectual property infringement claim . 
",0
"click here to view our privacy policy . 
",0
"viber reserves the right to modify or discontinue , temporarily or permanently , all or any part of this service and/or any software , facilities , and services on this service , with or without notice and/or to establish general guidelines and limitations on their use . 
",1
"unlike virtual money and virtual goods ( see below ) , trading items are obtained at no additional charge during gameplay . 
",0
"you can increase your storage space and add paid features to your account ( turning your account into a `` paid account '' ) . 
",0
"tinder does not take part in dispute settlement procedures in front of a consumer arbitration entity for users residing in the eu or european economic area . 
",0
"you must register for our services using accurate data , provide your current mobile phone number , and , if you change it , update this mobile phone number using our in-app change number feature . 
",0
"please check the ( reservation ) details of your product or service of choice thoroughly for any such conditions prior to making your reservation . 
",0
"poland , italy laws of sweden exclusive ; courts of local country 
",0
"and , you agree not to seek injunctive or equitable relief or otherwise seek to stop us from operating any aspect of the service or any zynga game . 
",0
"the translated version is a courtesy and office translation only and you can not derive any rights from the translated version . 
",0
"the award of the arbitrator will be in writing and will include a statement describing the reasons for the disposition of any claim . 
",0
"you may redeem no more than 550,000 points per calendar year in the program . 
",0
"game currency and virtual goods may never be redeemed for actual monetary instruments , goods or other items of monetary value from microsoft or any other party . 
",0
"you will not transfer any of your rights or obligations under this statement to anyone else without our consent . 
",0
"by clicking on the accept button and/or continuing to install the software or use the software , products and/or skype websites , you expressly consent to be bound by its terms and conditions and grant to skype the rights set forth herein . 
",1
"to the extent permitted by law , the total liability of google , and its suppliers and distributors , for any claims under these terms , including for any implied warranties , is limited to the amount you paid us to use the services ( or , if we choose , to supplying you the services again ) . 
",1
"if you are a california resident , you may have the agreements mailed to you electronically by sending a letter to spotify , attn : general counsel , 45 west 18th street , 7th floor , new york , new york 10011 , usa with your email address and a request for the agreements . 
",0
"you are responsible for maintaining the confidentiality of the password and account and are fully responsible for all activities that occur under your password or account . 
",0
"infringes on any trademark , patent , trade secret , copyright , or other proprietary right of any party ; 
",0
"waiver and severability of terms . 
",0
"by uploading photos/images onto our system ( for instance in addition to a review ) you certify , warrant and agree that you own the copyright to the photos/images and that you agree that booking.com may use the uploaded photos/images on its ( mobile ) website and app , and in ( online/offline ) promotional materials and publications and as booking.com at its discretion sees fit . 
",0
"we reserve the right to assume the exclusive defense and control of any matter otherwise subject to indemnification by you ; provided , however , that you shall remain liable for any such claim . 
",0
"( iv ) your failure to provide accurate physical location information to an emergency services operative ; or 
",1
"the company retains all rights , titles and ownerships in and of the service or any part thereof , including without limitation , the design and layout of the service , all contents of the service ( excluding user submissions ) , copyrights , patents , trademarks , service marks and logos , database , registered or not ( the `` materials '' ) , except as expressly excluded in this agreement . 
",0
"this is the only billing statement that we provide . 
",0
"we reserve the right , but are not obligated , to remove or disable access to any content , at any time and without notice , including but not limited to , if we , at our sole discretion , consider any content to be objectionable or in violation of these terms . 
",1
"other than for the types of liability we can not limit by law ( as described in this section ) , we limit our liability to you to the greater of $ 20 usd or 100 % of any amount you 've paid under your current service plan with dropbox . 
",1
"( c ) audio conversion . 
",0
"you own your user content , but you give zynga a perpetual and irrevocable ( other than as provided below ) , worldwide , fully paid-up and royalty free , non-exclusive , license to use your user content and any modified and derivative works thereof in connection with the service , including in marketing and promotions . 
",0
"you acknowledge that zynga and the zynga affiliates are not liable ( 1 ) for any indirect , incidental , special , exemplary or consequential damages , including for loss of profits , goodwill or data , in any way whatsoever arising out of the use of , or inability to use , the service ; or ( 2 ) for the conduct of third parties , including other users of the service and operators of external sites . 
",1
"your continued use of this site after such modifications will constitute acknowledgment and agreement of the modified terms and conditions . 
",1
"some features of our services may be subject to additional terms and conditions , which you should read before making use of those features , and they add up to these terms . 
",0
"when you sign up for the premium services , you must designate and provide information about your preferred payment method ( `` payment method '' ) . 
",0
"the information you give us to use the service must be correct . 
",0
"vivino reserves the right to refuse registration of , or cancel a user name in its sole discretion . 
",1
"instead , you hereby grant to instagram a non-exclusive , fully paid and royalty-free , transferable , sub-licensable , worldwide license to use the content that you post on or through the service , subject to the service 's privacy policy , available here http://instagram.com/legal/privacy/ , including but not limited to sections 3 ( `` sharing of your information '' ) , 4 ( `` how we store your information '' ) , and 5 ( `` your choices about your information '' ) . 
",0
"some places do n't allow the disclaimers in this paragraph , so they may not apply to you . 
",0
"10.3 you acknowledge and agree that youtube is not liable for any loss or damage which may be incurred by you as a result of the availability of those external sites or resources , or as a result of any reliance placed by you on the completeness , accuracy or existence of any advertising , products or other materials on , or available from , such web sites or resources . 
",0
"if the company provides a translation of the english language version of this eula , the translation is provided solely for convenience , and the english version will prevail . 
",0
"world of warcraft , the service and all related software is further subject to applicable export controls . 
",0
"you agree to take all necessary steps to prevent any unauthorized disclosure or use of the services , or any part thereof , by others . 
",0
"we reserve the right to adjust , refuse or remove reviews at our sole discretion . 
",1
"deliveroo operates the challenge 25 age verification policy whereby customers who are lucky enough not to look 25 or over , will be asked to provide proof of age to show that they are aged 18 or over . 
",0
"you agree that instagram is not responsible for , and does not endorse , content posted within the service . 
",0
"however , if you agreed to a previous version of these terms that allowed you to opt out of arbitration , your previous choice to opt out or not opt out remains binding . 
",0
"niantic will not seek , and hereby waives , all rights it may have under applicable law to recover attorneys ' fees and expenses if it prevails in arbitration . 
",0
"you acknowledge and agree that the form and nature of the service which youtube provides may change from time to time without prior notice to you . 
",1
"the company will provide notice to you of any such claim , suit , or proceeding . 
",0
"you are in no way obligated to use any third-party applications , and your access and use of such applications is entirely at your own risk . 
",0
"if however your country is not supported for limited emergency calling then you should not attempt to , and agree not to , make any emergency calls using your internet communications software . 
",0
"you consent and agree to receive notices of updates of these terms through our posting of updated terms on the services . 
",0
"use any device , software or routine to interfere or attempt to interfere with the proper working of the service , or any activity conducted on the service ; 
",0
"the licensor is solely responsible for the service and its content . 
",0
"you may not give your rights or your obligations under these terms , feature terms , community rules , or our privacy policy without first getting zynga 's written consent , and any attempt to do so without our consent is void . 
",0
"you are not permitted to terminate it before the expiry of the 2-year minimum term except in case of breach by skype of the terms . 
",0
"the english version is available on our platform ( by selecting the english language ) or shall be sent to you upon your written request . 
",0
"app provider has no obligation to furnish any maintenance and support services with respect to the app . 
",0
"you should consult with your own lawyer and/or see 17 u.s.c. § 512 to confirm your obligations to provide a valid notice of claimed infringement . 
",0
"you may access and display material and all other content displayed on our services for non-commercial , personal , entertainment use on any computer , tablet , smart watch , or mobile device you own or control . 
",0
"the `` caller id '' feature allows you to associate a name with a phone number , whether automatically in an incoming call or manually by a numeric search . 
",0
"whilst skype takes no responsibility for such products or services , if you encounter any problems with payment for or download , use of installation of such products or services , skype will use commercially reasonable endeavours to assist or resolve the problems . 
",1
"deliveroo can not guarantee that any of the meals sold by our partner restaurants are free of allergens . 
",0
"we will provide you notice of amendments to our terms , as appropriate , and update the `` effective date '' at the top of our terms . 
",0
"violates , plagiarises or infringes upon the rights of any third party , including but not limited to any copyright or trade-mark law , privacy or other personal or proprietary rights , or 
",0
"`` user content '' means all the data that you upload or transmit on or through the service . 
",0
"c ) we are under no obligation to store , retain , publish or make available any user content uploaded by you and that you shall be responsible for creating backups of any such user content if necessary . 
",1
"if you would like to link to our services on your website or application , please follow these rules : ( i ) any link to the services must be a text only link clearly marked `` under armour '' ( without the use of any other trademark , logo copyright or any other intellectual property asset owned or controlled by under armour ) or in some other format directed by under armour , ( ii ) the appearance , position and other aspects of the link may not damage or dilute the goodwill associated with our marks , ( iii ) the link must `` point '' to the root domain name of the services and not to other pages within the services , ( iv ) the appearance , position and other attributes of the link may not create the false appearance that your organization or entity is sponsored by , affiliated with , or associated with under armour , ( v ) when selected , the link must display the service on full-screen and not within a `` frame '' on the linking website or service , and ( vi ) under armour reserves the right to revoke its consent to the link at any time and in its sole discretion , and upon our notification to you of such revocation of consent , you agree to promptly remove the relevant link from your website or application . 
",0
"nevertheless , all use of the apps and the related mobile services must be in accordance with this eula . 
",0
"however , vivino reserves the right to ( i ) remove , suspend , edit or modify any content in its sole discretion , including without limitation any user submissions at any time , without notice to you and for any reason ( including , but not limited to , upon receipt of claims or allegations from third parties or authorities relating to such content or if vivino is concerned that you may have violated these terms of use ) , or for no reason at all and ( ii ) to remove , suspend or block any user submissions from the service . 
",1
"if you see content on the services that violates this agreement , please report it within the services or via help@gotinder.com . 
",0
"skype may in its sole discretion block , prevent delivery of or otherwise remove the content of communications as part of its effort to protect the software , products or its customers , or otherwise enforce these terms . 
",1
"* advertising policies : these guidelines outline the policies that apply to advertisements placed on facebook . 
",0
"the application is licensed , not sold . 
",0
"you will not remove , alter or conceal any copyright , trademark , service mark or other proprietary rights notices incorporated in or accompanying the instagram content and you will not reproduce , modify , adapt , prepare derivative works based on , perform , display , publish , distribute , transmit , broadcast , sell , license or otherwise exploit the instagram content . 
",0
