0,"we will not be liable , directly or indirectly , for any damage or loss caused or alleged to be caused by or in connection with your use of or reliance on any such content , goods or services available on or through any third party websites , content or mobile application . 
","the company parties will not be subject to liability for the truth , accuracy or completeness of any content on the service or any other information conveyed to any user , or for errors , mistakes or omissions therein , or for any delays or interruptions of the data , or information stream from whatever cause . 
","to the extent permitted by law , we exclude all liability ( whether arising in contract , in negligence or otherwise ) for loss or damage which you or any third party may incur in connection with our site , our service , and any website linked to our site and any materials posted on it . 
","as such , we are not liable for any damage or loss caused or alleged to be caused by or in connection with the use of or reliance on any such social networking services . 
","we will not be liable to you for any lost profits or other consequential , special , indirect , or incidental damages arising out of or in connection with this statement or facebook , even if we have been advised of the possibility of such damages . 
","the company does not guarantee the accuracy , integrity , appropriateness or quality of any user content , and under no circumstances will the company be liable in any way for any user content . 
","we do not assume any liability for any content posted by you or any other 3rd party users of our website . 
","however and to the extent permitted by law , neither we nor any of our officers , directors , employees , representatives , subsidiaries , affiliated companies , distributors , affiliate ( distribution ) partners , licensees , agents or others involved in creating , sponsoring , promoting , or otherwise making available the site and its contents shall be liable for ( i ) any punitive , special , indirect or consequential loss or damages , any loss of production , loss of profit , loss of revenue , loss of contract , loss of or damage to goodwill or reputation , loss of claim , ( ii ) any inaccuracy relating to the ( descriptive ) information ( including rates , availability and ratings ) of the supplier as made available on our platform , ( iii ) the services rendered or the products offered by the supplier or other business partners , ( iv ) any ( direct , indirect , consequential or punitive ) damages , losses or costs suffered , incurred or paid by you , pursuant to , arising out of or in connection with the use , inability to use or delay of our platform , or ( v ) any ( personal ) injury , death , property damage , or other ( direct , indirect , special , consequential or punitive ) damages , losses or costs suffered , incurred or paid by you , whether due to ( legal ) acts , errors , breaches , ( gross ) negligence , willful misconduct , omissions , non-performance , misrepresentations , tort or strict liability by or ( wholly or partly ) attributable to the supplier or any of our other business partners ( including any of their employees , directors , officers , agents , representatives or affiliated companies ) whose products or service are ( directly or indirectly ) made available , offered or promoted on or through the platform , including any ( partial ) cancellation , overbooking , strike , force majeure or any other event beyond our control . 
","you further acknowledge and agree that yahoo shall not be responsible or liable , directly or indirectly , for any damage or loss caused or alleged to be caused by or in connection with use of or reliance on any such content , goods or services available on or through any such site or resource . 
","the company does not warrant , endorse and will not be liable to any damage or claim for any user submissions , including without limitation , its accuracy , engagement with commercial activity , spam , or any attempts to defraud or manipulate other users with deceptive means or misrepresentation . 
","you are solely liable for any content that you post or communicate directly in or on the services and you agree to only post or communicate content that : 
","we will not be liable if , for any reason , our site or our service is unavailable at any time or for any period . 
","in no event will any company party be liable for any special , indirect , punitive , incidental or consequential damages , lost profits , or damages resulting from lost data or business interruption resulting from , or in connection with , the use or inability to use the service and any content thereon , whether based on warranty , contract , tort ( including negligence ) , or any other legal theory , even if such company party has been advised of the possibility of such damages . 
","you acknowledge that zynga and the zynga affiliates are not liable ( 1 ) for any indirect , incidental , special , exemplary or consequential damages , including for loss of profits , goodwill or data , in any way whatsoever arising out of the use of , or inability to use , the service ; or ( 2 ) for the conduct of third parties , including other users of the service and operators of external sites . 
","we are not liable for any claim relating to any content , goods and/or services of third parties . 
"
1,"any direct , indirect , special , incidental , consequential or exemplary damages , under any theory of liability , including but not limited to contract , tort ( including negligence ) , damages for loss of data , profits and goodwill , arising out of the use , misuse or inability to use the service , or by any form of malware , whether or not the company was or should have been aware or advised of the possibility of such damages ; 
","arising out of or related to the licensee 's use or inability to use the service , however caused , whether in contract , tort or otherwise and even if the licensor has been advised of the possibility of such damages . 
","the foregoing disclaimer of certain damages and limitation of liability will apply to the maximum extent permitted by applicable law . 
","the foregoing disclaimer of certain damages and limitation of liability will apply to the maximum extent permitted by applicable law . 
","in conjunction with the limitation of warranties as explained above , you expressly understand and agree that any claim against us shall be limited to the amount you paid , if any , for use of products and/or services . 
","to the maximum extent permitted by law , these limitations and exclusions apply to anything or any claims related to these terms , the services , or the software related to the services . 
","to the fullest extent allowed by any law that applies , the disclaimers of liability in these terms apply to all damages or injury caused by the service , or related to use of , or inability to use , the service , under any cause of action in any jurisdiction , including , without limitation , actions for breach of warranty , breach of contract or tort ( including negligence ) . 
","( a ) any indirect , special , incidental or consequential damages ; or 
","these limitations and exclusions apply even if this remedy does n't fully compensate you for any losses or fails of its essential purpose or if we knew or should have known about the possibility of the damages . 
","in countries where the following types of exclusions are n't allowed , we 're responsible to you only for losses and damages that are a reasonably foreseeable result of our failure to use reasonable care and skill or our breach of our contract with you . 
","( e ) any claim , damage or loss ( whether direct or indirect ) arising from or relating to : 
","( d ) any claim , damage or loss ( whether direct or indirect ) arising from or relating to : 
","to the maximum extent permitted by applicable law , you also expressly agree that we do not assume responsibility for any third-party activity or any other race , contest , class , athletic activity or event that utilizes or is promoted by or accessed via the services . 
","you hereby expressly agree , that to the fullest extent not prohibited by the applicable law , that the company shall not be liable , in any event , for : 
","this shall include ; ( i ) any loss of profit ( whether incurred directly or indirectly ) ; ( ii ) any loss of goodwill or business reputation ; ( iii ) any loss of opportunity ; or ( iv ) any loss of data suffered by you ; b.any loss or damage which may be incurred by you as a result of : i.any reliance placed by you on the completeness , accuracy or existence of any advertising , or as a result of any relationship or transaction between you and any advertiser or sponsor whose advertising appears on the service ; ii . 
"
2,"skype may at its option , terminate its relationship with you , or may suspend your subscription immediately if it determines you are using your subscription contrary to this fup or skype 's terms of use . 
","11.2 skype may terminate its relationship with you , or may terminate or suspend your use of the software , user account ( s ) , products or skype websites at any time and without recourse to the courts : ( a ) if you are in breach of these terms ; ( b ) if skype reasonably suspects that you are using the software , the products and/or skype websites to break the law or infringe third party rights ; ( c ) if skype reasonably suspects that you are trying to unfairly exploit or misuse the refund policy , or any of our policies ; ( d ) if skype reasonably suspects that you are using our products , software and/or skype websites fraudulently or that your user account is being used by a third party fraudulently ; ( e ) if you have purchased skype credit from an unauthorised reseller ; ( f ) in respect of a particular product , on thirty ( 30 ) days notice if skype decides to cease offering that product ; ( g ) immediately , if required due to a change in laws/regulation by a regulator or authority with a lawful mandate , or by any of skype 's partners ; ( h ) on thirty ( 30 ) days notice if skype decides to cease offering the software to users in your jurisdiction generally . 
","further , skype may in its sole discretion remove such content and/or terminate these terms and your user account if you use any content that is in breach of these terms . 
",": if you violate these terms , we may stop providing services to you or we may close your microsoft account or skype account . 
","where permissible under the law , viber has the right to terminate your rights under our service without notice . 
","tinder may terminate your account at any time without notice if it believes that you have violated this agreement . 
","we reserve the right to cancel user accounts that have been inactive for more than one ( 1 ) year . 
","if we reasonably suspect that your microsoft account or skype account is being used by a third party fraudulently ( for example , as a result of an account compromise ) , microsoft may suspend your account until you can reclaim ownership . 
","viber reserves the right to modify or discontinue , temporarily or permanently , all or any part of this service and/or any software , facilities , and services on this service , with or without notice and/or to establish general guidelines and limitations on their use . 
","we may delete or terminate accounts that are inactive ( i.e. , not logged into ) for 180 days . 
","we may cancel , suspend , or terminate your account and your access to your trading items , virtual money , virtual goods , the content , or the services , in our sole discretion and without prior notice , including if ( a ) your account is inactive ( i.e. , not used or logged into ) for one year ; ( b ) you fail to comply with these terms ; ( c ) we suspect fraud or misuse by you of trading items , virtual money , virtual goods , or other content ; ( d ) we suspect any other unlawful activity associated with your account ; or ( e ) we are acting to protect the services , our systems , the app , any of our users , or the reputation of niantic , tpc , or tpci . 
","skyscanner may in its absolute discretion immediately terminate any agreement with you under these terms at any time upon notice to you and/or , if you have a log-in account , by cancelling your membership and your access to your account . 
","we can deactivate your account at any time . 
","tinder reserves the right to investigate and / or terminate your account without a refund of any purchases if you have misused the service or behaved in a way that tinder regards as inappropriate or unlawful , including actions or communications that occur off the service but involve users you meet through the service . 
","skype may in its option , terminate its relationship with you , or suspend your account immediately if it determines you are using video messaging contrary to this fup or these terms . 
"
3,"we may , in our sole discretion , terminate or suspend your access to all or part of the service at any time , with or without notice , for any reason , including , without limitation , breach of this agreement . 
","we may modify , suspend , or terminate your access to or use of our services anytime for any reason , such as if you violate the letter or spirit of our terms or create harm , risk , or possible legal exposure for us , our users , or others . 
","we may suspend , or terminate your access to or use of our services anytime for any reason , such as if you violate the letter or spirit of our terms and polices , or create harm , risk , or possible legal exposure for us , our users , or others . 
","we reserve the right to suspend or terminate your access to the services with notice to you if : ( a ) you 're in breach of these terms , ( b ) you 're using the services in a manner that would cause a real risk of harm or loss to us or other users , or ( c ) you do n't have a paid account and have n't accessed our services for 12 consecutive months . 
","we reserve the right to refuse service to anyone , and can monitor , terminate or suspend our services or your account at any time . 
","we may suspend or stop providing our services to you if you do not comply with our terms or policies or if we are investigating suspected misconduct . 
","any fraudulent , abusive , or otherwise illegal activity or any use of the services or content in violation of this agreement may be grounds for termination of subscriber 's right to services or to access the site . 
","you agree that we may , at our sole discretion , suspend or terminate your access to all or part of our website and resources with or without notice and for any reason , including , without limitation , breach of this user agreement . 
","the company may investigate and take any available legal action in response to illegal and / or unauthorized uses of the service , including termination of your account . 
","we reserve the right to modify or terminate the service or your access to the service for any reason , without notice , at any time , and without liability to you . 
","if after such notice you fail to take the steps we ask of you , we 'll terminate or suspend your access to the services . 
","we may terminate your access to and use of the services , at our sole discretion , at any time and without notice to you . 
","the company may terminate , suspend , warn or take other appropriate actions against users for posting objectionable content to the service , including , but not limited to , the removal of all user content uploaded to the service by a user . 
","upon such termination or suspension , your right to use the services will immediately cease . 
","we may discontinue or change the service or its availability to you at any time and you may stop using the service at any time . 
"
4,"skype may change the charges payable for the purchase of such products at any time without any notice to you . 
","( iii ) skype may change the rates for calling phones and premium rate numbers at any time without notice to you by posting such change at www.skype.com/go/allrates . 
","skype may change its calling rates at any time without notice to you by posting such change at www.skype.com/go/allrates . 
","skype reserves the right to charge you for such products ( at the normal rate ) in the event that skype determines ( in its reasonable discretion ) that you are abusing the terms of the offer , including if you are using any service , proxy or other devices or anonymous ip address that prevents us from locating you . 
","skype reserves the right to change the fair usage policy at any time . 
","skype reserves the right to change the fair usage policy at any time . 
","skype reserves the right to remove or amend the available payment methods at its sole discretion . 
","if skype needs to withdraw or change the number that has been made available to you , skype will use commercially reasonable endeavours to notify you by e-mail , stating the effective date of the change and where possible , your new number . 
","( b ) skype reserves the right to withdraw or change the subscriptions at any time . 
","skype reserves the right to revoke these exceptions at any time . 
","skype reserves the right to change the terms related to skype numbers and/or skype to go numbers , including without limitation to impose or amend any residency requirements and/or require the provision of further user information for continued access to such numbers . 
","skype may , without prior notice , assign these terms or any rights or obligations contained in them to any third party . 
","you agree to receive such updates from skype in order to continue using the skype software and you agree to accept such updates subject to these terms . 
","8.1.2 viber may change the rates for calling phones at any time without notice to you by posting such change at http://account.viber.com/ . 
","skype may need to change or withdraw the number allocated to you from time to time . 
"
5,"we may make changes to this agreement and to the services from time to time . 
","we reserve the right to change this user agreement from time to time without notice . 
","we reserve the right to modify or terminate the service or your access to the service for any reason , without notice , at any time , and without liability to you . 
","we may revise these terms of use at any time by amending this page . 
","we reserve the right , at our discretion , to change , modify , add or remove portions of the terms , community rules , feature terms , and privacy policy at any time by posting the amended terms , community rules , feature terms , or privacy policy on our sites or within the service ( such as through in-game notices ) . 
","we may alter , suspend or discontinue any aspect of the service at any time , including the availability of any service feature , database or content . 
","we may change , suspend , or discontinue any or all of the services at any time , including the availability of any product , feature , database , or content . 
","we may modify , suspend , or terminate your access to or use of our services anytime for any reason , such as if you violate the letter or spirit of our terms or create harm , risk , or possible legal exposure for us , our users , or others . 
","notification of changes in this agreement will be posted on the service or sent via electronic mail , as we may determine in our sole discretion . 
","this means we may add new product features or enhancements from time to time as well as remove some features , and if these actions do not materially affect your rights or obligations , we may not provide you with notice before taking them.we may even suspend the services entirely , in which event we will notify you in advance unless extenuating circumstances , such as safety or security concerns , prevent us from doing so . 
","we may amend these terms at any time at our discretion . 
","we may modify these terms or any additional terms that apply to a service to , for example , reflect changes to the law or changes to our services . 
","these terms and conditions , as may be amended from time to time , apply to all our services directly or indirectly ( through distributors ) made available online , through any mobile device , by email or by telephone . 
","vivino reserves the right , at its sole discretion , to modify or replace any of these terms of use , or change , suspend , or discontinue the service ( including without limitation , the availability of any feature , database , or content ) at any time by posting a notice on the site or by sending you notice through the service or via email . 
","onavo reserves the right to modify the terms and conditions of this agreement or its policies relating to the services at any time . 
"
6,"we have the right at our sole discretion to remove any content that , we feel in our judgment does not comply with this user agreement , along with any content that we feel is otherwise offensive , harmful , objectionable , inaccurate , or violates any 3rd party copyrights or trademarks . 
","we reserve the right , but are not obligated , to remove or disable access to any content , at any time and without notice , including but not limited to , if we , at our sole discretion , consider any content to be objectionable or in violation of these terms . 
","we may delete any content , in whole or in part , that in our sole judgment violates this agreement or may harm the reputation of the service . 
","the company may terminate , suspend , warn or take other appropriate actions against users for posting objectionable content to the service , including , but not limited to , the removal of all user content uploaded to the service by a user . 
","in addition , we have the right -- but not the obligation -- in our sole discretion to remove , disallow , block or delete any user content ( i ) that we consider to violate this eula , applicable law or otherwise constitute objectionable content ( defined in section 5 . 
","that said , we have the right , in our sole discretion , to edit , refuse to post , or remove any user content . 
","we may , but have no obligation to , remove , edit , block , and/or monitor content or accounts containing content that we determine in our sole discretion violates these terms of use . 
","we reserve the right to monitor , remove or modify user-generated content for any reason and at any time , including user-generated content that we believe violates these terms , the community guidelines , and/or our policies . 
","without limiting the foregoing , yahoo and its designees shall have the right to remove any content that violates the tos or is otherwise objectionable . 
","while we do not and can not review every message or other material posted or sent by users of the service , and are not responsible for any content of these messages or materials , we reserve the right , but are not obligated , to delete , move , or edit messages or materials , including without limitation property profiles , public postings and messages , that we , in our sole discretion , deem to violate the code of conduct set out above or any applicable content guidelines , or to be otherwise unacceptable . 
","we reserve the right to delete or disable content alleged to be infringing and terminate accounts of repeat infringers . 
","generally , we do not moderate any interactive service we provide although we may remove content in contravention of these terms of use as set out in section 6 . 
","we can edit or remove your content from our products and services at any time for any reason . 
","we may also block delivery of a communication ( like email or instant message ) to or from the services in an effort to enforce these terms or we may remove or refuse to publish your content for any reason . 
","if we determine that you are violating the community guidelines or otherwise have breached the terms , we may take actions to address the issue , including , but not limited to , terminating your right to use the services , removing your user-generated content , taking legal action against you ( in which case you agree that we may recover reasonable costs and attorneys ' fees ) or disclosing information to law enforcement authorities . 
"
7,"upon suspension or termination , your right to use the resources we provide will immediately cease , and we reserve the right to remove or delete any information that you may have on file with us , including any account or login information . 
","we reserve the right to disallow , cancel , remove , or reassign certain usernames and permalinks in appropriate circumstances , as determined by us in our sole discretion , and may , with or without prior notice , suspend or terminate your account if activities occur on your account which , in our sole discretion , would or might constitute a violation of this eula , cause damage to or impair the service , infringe or violate any third party rights , or violate any applicable laws or regulations . 
","we reserve the right to disallow , cancel , remove , or reassign certain usernames and permalinks in appropriate circumstances , as determined by us in our sole discretion , and may , with or without prior notice , suspend or terminate your account if activities occur on your account which , in our sole discretion , would or might constitute a violation of this eula , cause damage to or impair the service , infringe or violate any third party rights , or violate any applicable laws or regulations . 
","we may cancel , suspend , or terminate your account and your access to your trading items , virtual money , virtual goods , the content , or the services , in our sole discretion and without prior notice , including if ( a ) your account is inactive ( i.e. , not used or logged into ) for one year ; ( b ) you fail to comply with these terms ; ( c ) we suspect fraud or misuse by you of trading items , virtual money , virtual goods , or other content ; ( d ) we suspect any other unlawful activity associated with your account ; or ( e ) we are acting to protect the services , our systems , the app , any of our users , or the reputation of niantic , tpc , or tpci . 
","niantic further reserves the right to remove any user content from the services at any time and without notice and for any reason . 
","zynga may , in its sole discretion limit , suspend , terminate , modify , or delete accounts or access to the service or any portion of it and prohibit access to our games and sites , and their content , services and tools , delay or remove hosted content and zynga is under no obligation to compensate you for any such losses or results . 
","we have the right to offer , modify , eliminate , and/or terminate trading items , virtual money , virtual goods , the content , and/or the services , or any portion thereof , at any time , without notice or liability to you . 
","if we terminate your access to the service or you use the form detailed above to deactivate your account , your photos , comments , likes , friendships , and all other data will no longer be accessible through your account ( e.g. , users will not be able to navigate to your username and view your photos ) , but those materials and data may persist and appear within the service ( e.g. , if your content has been reshared by others ) . 
","terminate your account or your access to the service , for any reason , or where it determined that you have breached any of the terms of this agreement or of the privacy policy . 
","this means we may add new product features or enhancements from time to time as well as remove some features , and if these actions do not materially affect your rights or obligations , we may not provide you with notice before taking them.we may even suspend the services entirely , in which event we will notify you in advance unless extenuating circumstances , such as safety or security concerns , prevent us from doing so . 
","we reserve the right to control , regulate , change , or remove any virtual money or virtual goods without any liability to you . 
","violation of any of the rules of conduct set forth above may result in actions being taken by blizzard entertainment , effective immediately or at a time determined by blizzard entertainment , which may include without limitation : temporarily suspending your access to world of warcraft , permanently terminating your access to world of warcraft ( see article xv , section 2 below ) , modify a character or an account , including without limitation , reducing or removing experience points , skills , levels , in-game currency or items ; or temporarily or permanently suspend , or terminate , your access to an account that you use to access the service . 
","if you select a username or similar identifier for your account or page , we reserve the right to remove or reclaim it if we believe it is appropriate ( such as when a trademark owner complains about a username that does not closely relate to a user 's actual name ) . 
","immediate , temporary or permanent withdrawal of your right to use our service ; 
","vivino reserves the right to refuse registration of , or cancel a user name in its sole discretion . 
"
8,"your continued use of the service after the date the modified terms are posted will constitute your acceptance of the modified terms . 
","any continued use by you of the services following publication or notification of revised terms shall constitute your acceptance to the revised terms . 
","your continued use of the service following the posting of any changes to these terms of use constitutes acceptance of those changes . 
","if you continue to use the services after the changes become effective , then you agree to the revised agreement . 
","your continued use of the service , following the amendment of the agreement , constitutes your acknowledgement and consent of such amendments to the agreement . 
","your use of the services following that date constitutes your acceptance of the terms and conditions of the terms as modified . 
","by continuing to use or access the services after the updates come into effect , you agree to be bound by the revised terms . 
","your continued use of the service now , or following the posting of notice of any changes in this agreement , will constitute a binding acceptance by you of this agreement , or any subsequent modifications . 
","your continued use of the service now , or following the posting of notice of any changes in this agreement , will constitute a binding acceptance by you of this agreement , or any subsequent modifications . 
","continued use of the services after any such changes shall constitute your consent to such changes . 
","use of the services by subscriber following such modification constitutes subscriber 's acceptance of the terms and conditions of this agreement as modified . 
","however , if you keep using the service after the changes are posted , you are agreeing that the changes apply to your continued use of the services . 
","your continued use of our services following such amendment confirms your acceptance of our terms , as amended . 
","if you continue to use the services after the changes are posted you agree to the changes . 
","using the services after the changes become effective means you agree to the new terms . 
"
9,"by using or accessing the services , you agree to become bound by all the terms and conditions of this agreement . 
","whenever you use the services , you agree to be bound by all of the terms and conditions of these terms of service . 
","by using our services , you are agreeing to these terms . 
","by accessing or using any of the services , you agree to be bound by these terms . 
","by using our services , you 're agreeing to be bound by these terms , our privacy policy and acceptable use policy . 
","you agree to our terms of service ( `` terms '' ) by installing , accessing , or using our apps , services , features , software , or website ( together , `` services '' ) . 
","by using our services , you agree to be bound by these terms . 
","by accessing our site or by using our service , you indicate that you accept these terms of use and that you agree to abide by them . 
","when you use our services , in addition to enjoying a world of good vibes , you also agree to the terms and they affect your rights and obligations . 
","your access and use of the services ( regardless of whether you create an account with us ) , constitutes your agreement to these terms and our privacy policy , which is incorporated into the terms . 
","by using the services , you hereby acknowledge and agree that you have read and understand this agreement and agree to be legally bound by it . 
","by visiting our website and accessing the information , resources , services , products , and tools we provide , you understand and agree to accept and adhere to the following terms and conditions as stated in this policy ( hereafter referred to as ` user agreement ' ) , along with the terms and conditions as stated in our privacy policy ( please refer to the privacy policy section below for more information ) . 
","by installing or otherwise accessing or using the service , you agree that you have read , understood , and agree to be bound by this eula . 
","by using any of the commercial tools , you acknowledge and agree to the terms and any additional terms and conditions applicable to those select services . 
","by installing , accessing or otherwise using the service you acknowledge and warrant that you hereby consent to be bound by the terms of this agreement , and to the terms of the privacy policy ( available at : sync.me / privacy ) , which is incorporated herein by reference . 
"
10,"these terms and any action related thereto will be governed by the laws of the state of california without regard to its conflict of laws provisions . 
","these terms and any action related thereto will be governed by the laws of the state of california without regard to its conflict of laws provisions . 
","the laws of california , u.s.a. , excluding california 's conflict of laws rules , will apply to any disputes arising out of or relating to these terms or the services . 
","the laws of the state of california will govern this statement , as well as any claim that might arise between you and us , without regard to conflict of law provisions . 
","this eula is governed by the internal substantive laws of the state of california without respect to its conflict of laws provisions . 
","these terms will be governed by california law except for its conflicts of laws principles . 
","these terms of use are governed by and construed in accordance with the laws of the state of california , without giving effect to any principles of conflicts of law and will specifically not be governed by the united nations conventions on contracts for the international sale of goods , if otherwise applicable . 
","apart from that , if you are united states resident , these terms and our relationship will be governed by california law , except for its conflicts of laws principles . 
","the law of the state of california govern our terms and policies , as well as any disputes , whether in court or arbitration , which might arise between masquerade and you , without regard to conflict of law provisions . 
","this agreement , as well as any dispute , claim or controversy ( `` claim '' ) that may arise between you and onavo , shall be exclusively governed by the laws of california , united states , without regard to the choice or conflicts of law provisions thereof . 
","the laws of the state of california govern our terms , as well as any disputes , whether in court or arbitration , which might arise between whatsapp and you , without regard to conflict of law provisions . 
","you and yahoo each agree that the tos and the relationship between the parties shall be governed by the laws of the state of california without regard to its conflict of law provisions and that any and all claims , causes of action or disputes ( regardless of theory ) arising out of or relating to the tos , or the relationship between you and yahoo , shall be brought exclusively in the courts located in the county of santa clara , california or the u.s. district court for the northern district of california . 
","you and yahoo each agree that the tos and the relationship between the parties shall be governed by the laws of the state of california without regard to its conflict of law provisions and that any and all claims , causes of action or disputes ( regardless of theory ) arising out of or relating to the tos , or the relationship between you and yahoo , shall be brought exclusively in the courts located in the county of santa clara , california or the u.s. district court for the northern district of california . 
","you and yahoo each agree that the tos and the relationship between the parties shall be governed by the laws of the state of california without regard to its conflict of law provisions and that any and all claims , causes of action or disputes ( regardless of theory ) arising out of or relating to the tos , or the relationship between you and yahoo , shall be brought exclusively in the courts located in the county of santa clara , california or the u.s. district court for the northern district of california . 
","you and yahoo each agree that the tos and the relationship between the parties shall be governed by the laws of the state of california without regard to its conflict of law provisions and that any and all claims , causes of action or disputes ( regardless of theory ) arising out of or relating to the tos , or the relationship between you and yahoo , shall be brought exclusively in the courts located in the county of santa clara , california or the u.s. district court for the northern district of california . 
"
11,"these terms of use and any dispute or claim arising out of or in connection with them or their subject matter or formation ( including non-contractual disputes or claims ) shall be governed by and construed in accordance with the law of england and wales . 
","these terms of use and any dispute or claim arising out of or in connection with them or their subject matter or formation ( including non-contractual disputes or claims ) shall be governed by and construed in accordance with the law of england and wales . 
","solely in respect of users located in the eea and/or australia , the following governing law provisions shall apply : these terms of use and any disputes or claims arising out of or in connection with it shall be governed by , and construed in accordance with , the laws of england . 
","these terms of use shall be governed by and construed in accordance with the laws of the state of new york , excluding its conflicts of law rules , and the united states of america . 
","to the extent permitted by law , these terms and conditions and the provision of our services shall be governed by and construed in accordance with dutch law and any dispute arising out of these general terms and conditions and our services shall exclusively be submitted to the competent courts in amsterdam , the netherlands . 
","unless otherwise required by a mandatory law of a member state of the european union or any other jurisdiction , the agreements ( and any non-contractual disputes/claims arising out of or in connection with them ) are subject to the laws of the state or country listed below , without regard to choice or conflicts of law principles . 
","9.3 the laws of finland , excluding its conflict of law rules , govern these terms of use and the licensee 's use of the service . 
","as each country has laws that may differ from those of ca , by accessing our website , you agree that the statutes and laws of ca , without regard to the conflict of laws and the united nations convention on the international sales of goods , will apply to all matters relating to the use of this website and the purchase of any products or services through this site . 
","for users residing in the eu or european economic area or elsewhere where our arbitration agreement is prohibited by law , the laws of texas , u.s.a. , excluding texas 's conflict of laws rules , will apply to any disputes arising out of or relating to this agreement or the services . 
","if you are a resident of the european union : these terms shall be governed by and construed in accordance with dutch law , without regard to its conflict of law principles . 
","14.6 the terms , and your relationship with youtube under the terms , shall be governed by english law . 
","the licensee 's use of the service may also be subject to other local , state , national or international laws . 
","these terms shall be governed and construed in accordance with the laws of sweden , excluding its choice of law rules . 
","18.9 these terms other than paragraph 20.3 shall be governed by and interpreted in accordance with the laws of luxembourg and shall be subject to the jurisdiction of the courts of the district of luxembourg . 
","if you are a resident of the united states or any non-european union country : these terms shall be governed by and construed in accordance with the laws of the state of maryland and controlling u.s. federal law as applicable , without regard to its conflict of law principles . 
"
12,"if you are not subject to the `` special arbitration provision for united states or canada users '' section below , you agree that you will resolve any claim you have with us relating to , arising out of , or in any way in connection with our terms , us , or our services ( each , a `` dispute , '' and together , `` disputes '' ) exclusively in the united states district court for the northern district of california or a state court located in san mateo county in california , and you agree to submit to the personal jurisdiction of such courts for the purpose of litigating all such disputes . 
","if you are not subject to that provision , you agree that you will resolve any claim you have with us relating to , arising out of , or in any way in connection with our terms and policies , us , or our services ( each , a `` dispute '' and together , `` disputes '' ) exclusively in the united states district court for the northern district of california or a state court located in santa clara county in california , and you agree to submit to the personal jurisdiction of such courts for the purpose of litigating all such disputes . 
","furthermore , any action to enforce this user agreement shall be brought in the federal or state courts located in us , ca you hereby agree to personal jurisdiction by such courts , and waive any jurisdictional , venue , or inconvenient forum objections to such courts . 
","you and yahoo agree to submit to the personal jurisdiction of the courts located within the county of santa clara , california or the northern district of california , and agree to waive any and all objections to the exercise of jurisdiction over the parties by such courts and to venue in such courts . 
","if you opt out of the arbitration agreement , if the arbitration agreement is found by a court to be unenforceable , if your claim is an excluded dispute , or if you neither are a resident of nor have a principal place of business in the us or canada , you agree to resolve any claim you have with us arising out of or relating to these terms or onavo exclusively in a state or federal court located in san mateo county , california , united states and to submit to the personal jurisdiction of the courts located in san mateo county , california , united states for purpose of litigating all such claims . 
","you will resolve any claim , cause of action or dispute ( claim ) you have with us arising out of or relating to this statement or facebook exclusively in the u.s. district court for the northern district of california or a state court located in san mateo county , and you agree to submit to the personal jurisdiction of such courts for the purpose of litigating all such claims . 
","if this arbitration provision is found to be null and void , then all disputes arising under the terms between us will be subject to the jurisdiction of the state and federal courts located in baltimore , maryland , and you and we hereby submit to the personal jurisdiction and venue of these courts . 
","if the agreement to arbitrate is found not to apply to you or your claim , you agree to the exclusive jurisdiction of the state and federal courts in san francisco county , california to resolve your claim . 
","if you are a united states resident , judicial proceedings ( other than small claims actions ) that are excluded from the arbitration agreement in section 17 must be brought in state or federal court in san francisco , california , unless we both agree to some other location you and zynga both consent to venue and personal jurisdiction in san francisco , california . 
","for all purposes of these terms of use , the parties consent to exclusive jurisdiction and venue in the united states federal courts or state courts located in the southern district of new york . 
","all claims arising out of or relating to these terms or the services will be litigated exclusively in the federal or state courts of santa clara county , california , usa , and you and google consent to personal jurisdiction in those courts . 
","the exclusive jurisdiction and venue of any ip protection action or , if you timely provide niantic with an arbitration opt-out notice , will be the state and federal courts located in the northern district of california , and each of the parties hereto waives any objection to jurisdiction and venue in such courts . 
","you expressly agree to submit to the exclusive personal jurisdiction of the state and federal courts sitting in san francisco county , california . 
","for any action at law or in equity relating to the arbitration provision of these terms of use , the excluded disputes or if you opt out of the agreement to arbitrate , you agree to resolve any dispute you have with instagram exclusively in a state or federal court located in santa clara , california , and to submit to the personal jurisdiction of the courts located in santa clara county for the purpose of litigating all such disputes . 
","you and we irrevocably consent to the exclusive jurisdiction and venue of the state or federal courts in king county , washington , for all disputes arising out of or relating to these terms or the services that are heard in court ( excluding arbitration and small claims court ) . 
"
13,"all disputes or claims arising out of or relating to these terms of use shall be subject to the exclusive jurisdiction of the english courts to which the parties irrevocably submit . 
","the english courts will have jurisdiction over any claim arising from , or related to , a visit to our site or use of our services . 
","the english courts will have jurisdiction over any claim arising from , or related to , any use of our services . 
","you and youtube agree to submit to the exclusive jurisdiction of the courts of england to resolve any legal matter arising from the terms . 
","irrespective of the country from which you access or use the skyscanner services and/or skyscanner platforms , to the extent permitted by law these terms and your use of the skyscanner services and/or skyscanner platforms shall be governed in accordance with the laws of england and wales and you are deemed to have submitted to the non-exclusive jurisdiction of the courts of england and wales to resolve any disputes which may arise hereunder . 
","to the extent permitted by law , these terms and conditions and the provision of our services shall be governed by and construed in accordance with dutch law and any dispute arising out of these general terms and conditions and our services shall exclusively be submitted to the competent courts in amsterdam , the netherlands . 
","to the extent not prohibited by applicable law , the courts of finland shall have jurisdiction . 
","notwithstanding this , you agree that youtube shall still be allowed to apply for injunctive remedies ( or other equivalent types of urgent legal remedy ) in any jurisdiction . 
","you irrevocably agree that the courts of england and wales shall have exclusive jurisdiction to resolve any dispute or claim of whatever nature arising out of or relating to this policy and consent or otherwise to the use of your personal data , and that the laws of england and wales shall govern such dispute or claim . 
","18.9 these terms other than paragraph 20.3 shall be governed by and interpreted in accordance with the laws of luxembourg and shall be subject to the jurisdiction of the courts of the district of luxembourg . 
","all disputes arising out of or in connection with these terms shall be adjudicated exclusively in sweden , with the district court of stockholm as the court of first instance . 
","( in some cases , that jurisdiction will be `` exclusive '' , meaning that no other countries ' courts can preside over the matter ; have jurisdiction ; in other cases , the jurisdiction is `` non-exclusive '' , meaning that other countries ' courts may have jurisdiction as well . 
","this is indicated in the chart as well . ) 
","this is indicated in the chart as well . ) 
","this is indicated in the chart as well . ) 
"
14,"the exclusive means of resolving any dispute or claim arising out of or relating to this agreement ( including any alleged breach thereof ) or the service shall be binding arbitration administered by the american arbitration association under the consumer arbitration rules . 
","the company ( and its respective corporate parents , subsidiaries , affiliates , predecessors in interest , successors , permitted assigns ) , you and any other parties on whose behalf you are accessing the service agree to arbitration ( except for matters that may be taken to small claims court ) , as the exclusive form of dispute resolution except as provided for below , for all disputes and claims arising out of or relating to this eula or the service . 
","these terms contain a binding arbitration agreement and class action waiver , which state that you and onavo agree to resolve certain disputes through binding individual arbitration and give up any right to have those disputes decided by a judge or jury . 
","you hereby agree that all disputes between you and the company ( whether or not such dispute involves a third party ) arising out of or in connection with your relationship with the company , including without limitation disputes related to the terms of this agreement or the privacy policy , your use of the service , and/or rights of privacy and/or publicity , will be finally settled by binding , individual arbitration under the rules of arbitration of the international chamber of commerce by one arbitrator appointed in accordance with the said rules . 
","arbitration notice : except if you opt out and except for certain types of disputes described in the `` agreement to arbitrate '' section below , you agree that disputes between you and niantic will be resolved by binding , individual arbitration , and you are waiving your right to a trial by jury or to participate as a plaintiff or class member in any purported class action or representative proceeding . 
","you and niantic agree that any dispute , claim , or controversy arising out of or relating to these terms or the breach , termination , enforcement , interpretation , or validity thereof or the use of the services or content ( collectively , `` disputes '' ) will be settled by binding arbitration , except that each party retains the right : ( a ) to bring an individual action in small claims court and ( b ) to seek injunctive or other equitable relief in a court of competent jurisdiction to prevent the actual or threatened infringement , misappropriation , or violation of a party 's copyrights , trademarks , trade secrets , patents , or other intellectual property rights ( the action described in this clause ( b ) , an `` ip protection action '' ) . 
","except where prohibited , you and we agree to submit to the personal and exclusive arbitration of disputes relating to your general use of the services under the rules of the american arbitration association . 
","disputes arising hereunder will be resolved by binding arbitration . 
","any dispute arising from or relating to the subject matter of these terms of use shall be finally settled by arbitration in new york county , new york , using the english language in accordance with the arbitration rules and procedures of jams then in effect , by one commercial arbitrator with substantial experience in resolving intellectual property and commercial contract disputes , who shall be selected from the appropriate list of jams arbitrators in accordance with the arbitration rules and procedures of jams . 
","except for any claim relating to your or our intellectual property ( such as trademarks , trade dress , domain names , trade secrets , copyrights and patents ) ( `` excluded disputes '' ) , you and onavo agree to resolve through final and binding arbitration any claim between you and onavo , including its affiliates , officers , directors , employees and agents and its affiliates ' officers , directors , employees and agents ( whether or not such dispute also involves a third party ) , regarding any aspect of your relationship with us , including these terms , your use of any of onavo 's services , your rights of privacy and/or publicity , or any contacts you may have with us , directly or indirectly , for any reason ( `` dispute '' ) . 
","if you and a disputed party do not resolve any dispute by informal negotiation or in small claims court , any other effort to resolve the dispute will be conducted exclusively by binding arbitration governed by the united states federal arbitration act ( `` faa '' ) . 
","if you ever wish to seek any relief from us , you agree to do it only through arbitration , and you waive the ability to pursue class action . 
","if we ca n't resolve our dispute through customer service , you and zynga or any member of the zynga corporate family all agree to resolve any claims relating to the terms , the privacy policy , feature terms or zynga 's services through final and binding arbitration . 
","if we ca n't , you and we agree to binding individual arbitration before the american arbitration association ( `` aaa '' ) under the federal arbitration act ( `` faa '' ) , and not to sue in court in front of a judge or jury . 
","arbitration clause and class action waiver : if you live in the usa and select pay by mobile ( see paragraph 20 ) , a binding arbitration clause and class action waiver affects your rights to resolve a dispute with skype , its corporate affiliates , or other third parties including mobile phone carriers . 
"
15,"if you are a masquerade user located in the united states or canada , our terms contain a binding arbitration provision , which states that , except if you opt out and except for certain types of disputes , masquerade and you agree to resolve all disputes through binding individual arbitration , which means that you waive your right to participate in class actions , class arbitrations , or representative actions . 
","if you are a masquerade user located in the united states or canada , it requires you to submit to binding individual arbitration of all disputes , except for those that involve excluded disputes and except those that can be brought in small claims court . 
","if you are a whatsapp user located in the united states or canada , our terms contain a binding arbitration provision , which states that , except if you opt out and except for certain types of disputes , whatsapp and you agree to resolve all disputes through binding individual arbitration , which means that you waive any right to have those disputes decided by a judge or jury , and that you waive your right to participate in class actions , class arbitrations , or representative actions . 
","masquerade and you agree that all disputes ( except for the excluded disputes ) , including those relating to , arising out of , or in any way in connection with your rights of privacy and publicity , will be resolved through final and binding arbitration . 
","if you are a whatsapp user located in the united states or canada , the `` special arbitration provision for united states or canada users '' section below applies to you . 
","except if you opt-out or for disputes relating to : ( 1 ) your or instagram 's intellectual property ( such as trademarks , trade dress , domain names , trade secrets , copyrights and patents ) ; ( 2 ) violations of the api terms ; or ( 3 ) violations of provisions 13 or 15 of the basic terms , above ( `` excluded disputes '' ) , you agree that all disputes between you and instagram ( whether or not such dispute involves a third party ) with regard to your relationship with instagram , including without limitation disputes related to these terms of use , your use of the service , and/or rights of privacy and/or publicity , will be resolved by binding , individual arbitration under the american arbitration association 's rules for arbitration of consumer-related disputes and you and instagram hereby expressly waive trial by jury . 
","( a ) u.s. residents : to the fullest extent permissible by law , with the exception of disputes pertaining to viber 's intellectual property rights and certain statutory claims that , pursuant to law , are not arbitrable , any dispute of any kind between you and viber arising under these terms shall be resolved through binding arbitration pursuant to the jams streamlined arbitration rules and procedures on an individual basis with no class relief . 
","( a ) u.s. residents : to the fullest extent permissible by law , with the exception of disputes pertaining to viber 's intellectual property rights and certain statutory claims that , pursuant to law , are not arbitrable , any dispute of any kind between you and viber arising under these terms shall be resolved through binding arbitration pursuant to the jams streamlined arbitration rules and procedures on an individual basis with no class relief . 
","( a ) u.s. residents : to the fullest extent permissible by law , with the exception of disputes pertaining to viber 's intellectual property rights and certain statutory claims that , pursuant to law , are not arbitrable , any dispute of any kind between you and viber arising under these terms shall be resolved through binding arbitration pursuant to the jams streamlined arbitration rules and procedures on an individual basis with no class relief . 
","( a ) u.s. residents : to the fullest extent permissible by law , with the exception of disputes pertaining to viber 's intellectual property rights and certain statutory claims that , pursuant to law , are not arbitrable , any dispute of any kind between you and viber arising under these terms shall be resolved through binding arbitration pursuant to the jams streamlined arbitration rules and procedures on an individual basis with no class relief . 
","( a ) u.s. residents : to the fullest extent permissible by law , with the exception of disputes pertaining to viber 's intellectual property rights and certain statutory claims that , pursuant to law , are not arbitrable , any dispute of any kind between you and viber arising under these terms shall be resolved through binding arbitration pursuant to the jams streamlined arbitration rules and procedures on an individual basis with no class relief . 
","( a ) u.s. residents : to the fullest extent permissible by law , with the exception of disputes pertaining to viber 's intellectual property rights and certain statutory claims that , pursuant to law , are not arbitrable , any dispute of any kind between you and viber arising under these terms shall be resolved through binding arbitration pursuant to the jams streamlined arbitration rules and procedures on an individual basis with no class relief . 
","( a ) u.s. residents : to the fullest extent permissible by law , with the exception of disputes pertaining to viber 's intellectual property rights and certain statutory claims that , pursuant to law , are not arbitrable , any dispute of any kind between you and viber arising under these terms shall be resolved through binding arbitration pursuant to the jams streamlined arbitration rules and procedures on an individual basis with no class relief . 
","( a ) u.s. residents : to the fullest extent permissible by law , with the exception of disputes pertaining to viber 's intellectual property rights and certain statutory claims that , pursuant to law , are not arbitrable , any dispute of any kind between you and viber arising under these terms shall be resolved through binding arbitration pursuant to the jams streamlined arbitration rules and procedures on an individual basis with no class relief . 
","( a ) u.s. residents : to the fullest extent permissible by law , with the exception of disputes pertaining to viber 's intellectual property rights and certain statutory claims that , pursuant to law , are not arbitrable , any dispute of any kind between you and viber arising under these terms shall be resolved through binding arbitration pursuant to the jams streamlined arbitration rules and procedures on an individual basis with no class relief . 
"
